Topic,Method / interpretation
Input,"The original boycott page was used as the inventory source. The supplied Brussels Morning article was used for the Nivea supplement, while official Beiersdorf brand pages were used to identify and describe the parent company’s current global, grouped and regional portfolio."
Inventory,Parent entries from the original workbook remain unchanged. The Beiersdorf AG parent row is expanded with one row per official global/grouped sub-brand entry and one row per regionally focused brand named on Beiersdorf’s official portfolio pages. NIVEA MEN is included because the official NIVEA page names it within the NIVEA portfolio.
Alternatives,Three alternatives were selected from distinct companies and matched to the nearest practical product/service category. The same alternative company may recur across different rows when it is a category-appropriate substitute.
Company distinction,"Alternative 1, 2 and 3 companies are different from one another, are not Beiersdorf family brands, and are not present in the workbook’s Listed brand column at the time of preparation."
Sources,"The supplied source page is cited as the inventory source. For alternatives, official company/product landing pages are linked in the Alternatives and Source Inventory sheets. Links are starting points for verification, not endorsements."
Availability,"Retail availability, formulations, service coverage, regulation, and ownership can vary by country and over time. Verify locally before purchasing."
Medical products,The source page itself warns against stopping medications. This workbook does not recommend medication switching and should not be used to alter treatment.
Nivea addition,"NIVEA is recorded beneath its parent company, Beiersdorf AG. “High” reflects the supplied article's reported boycott call, not an independent legal or political determination. Alternatives are screened against the workbook's Listed brand column and are not certified free from every boycott campaign."
Beiersdorf expansion,The new Beiersdorf rows are user-requested parent-level boycott-screening entries. The official Beiersdorf pages establish ownership and product categories; they do not independently establish that every sub-brand is directly named on the original boycott page. Regional brands with no detailed official category are labeled conservatively and matched at a general personal-care level.
